-0.22900763358778625;0.29770992366412213;-0.07633587786259542;-0.055419921875;0.0498046875;1.031005859375

-0.20610687022900764;0.29770992366412213;-0.015267175572519083;-0.06201171875;0.033203125;1.033447265625

-0.22137404580152673;0.29770992366412213;-0.06870229007633588;-0.049560546875;0.03857421875;1.035400390625

-0.22900763358778625;0.32061068702290074;-0.07633587786259542;-0.055908203125;0.039306640625;1.0322265625

-0.2366412213740458;0.3435114503816794;-0.06870229007633588;-0.03759765625;0.04052734375;1.033203125

-0.2595419847328244;0.2824427480916031;-0.007633587786259542;-0.056884765625;0.060546875;1.03857421875

-0.22137404580152673;0.2824427480916031;-0.061068702290076333;-0.04931640625;0.04345703125;1.032958984375

-0.22137404580152673;0.29770992366412213;-0.09923664122137404;-0.050537109375;0.04052734375;1.028564453125

-0.21374045801526717;0.2748091603053435;-0.04580152671755725;-0.0537109375;0.047607421875;1.03369140625

-0.22137404580152673;0.2748091603053435;-0.030534351145038167;-0.0537109375;0.058349609375;1.0322265625

-0.1984732824427481;0.3053435114503817;-0.04580152671755725;-0.055419921875;0.04736328125;1.03271484375

-0.22900763358778625;0.2824427480916031;-0.0916030534351145;-0.05517578125;0.0458984375;1.0283203125

-0.22137404580152673;0.29770992366412213;-0.03816793893129771;-0.05224609375;0.046875;1.0341796875

-0.22137404580152673;0.32061068702290074;-0.05343511450381679;-0.0595703125;0.03173828125;1.035888671875

-0.22900763358778625;0.32061068702290074;-0.0916030534351145;-0.053466796875;0.04443359375;1.0322265625

-0.22137404580152673;0.3053435114503817;-0.07633587786259542;-0.044921875;0.041748046875;1.01904296875

-0.25190839694656486;0.29770992366412213;-0.07633587786259542;-0.051025390625;0.0458984375;1.0341796875

-0.22900763358778625;0.3053435114503817;-0.061068702290076333;-0.04833984375;0.0478515625;1.033447265625

-0.25190839694656486;0.31297709923664124;-0.07633587786259542;-0.0625;0.045166015625;1.031982421875

-0.24427480916030533;0.31297709923664124;-0.08396946564885496;-0.0556640625;0.04443359375;1.040771484375

-0.19083969465648856;0.3282442748091603;-0.061068702290076333;-0.052001953125;0.043212890625;1.03271484375

-0.22900763358778625;0.2900763358778626;-0.06870229007633588;-0.049072265625;0.051513671875;1.024658203125

-0.24427480916030533;0.31297709923664124;-0.06870229007633588;-0.05859375;0.044921875;1.01708984375

-0.1984732824427481;0.2824427480916031;-0.03816793893129771;-0.054443359375;0.041259765625;1.034912109375

-0.26717557251908397;0.2900763358778626;-0.07633587786259542;-0.052734375;0.041015625;1.043701171875

-0.21374045801526717;0.29770992366412213;-0.061068702290076333;-0.0556640625;0.045654296875;1.027587890625

-0.22900763358778625;0.3053435114503817;-0.04580152671755725;-0.055419921875;0.047119140625;1.027099609375

-0.22900763358778625;0.32061068702290074;-0.06870229007633588;-0.057373046875;0.0390625;1.03369140625

-0.22137404580152673;0.29770992366412213;-0.03816793893129771;-0.05419921875;0.042236328125;1.020263671875

-0.22900763358778625;0.2900763358778626;-0.05343511450381679;-0.056640625;0.034423828125;1.0458984375

-0.2366412213740458;0.32061068702290074;-0.05343511450381679;-0.06298828125;0.0390625;1.03955078125

-0.19083969465648856;0.3053435114503817;-0.06870229007633588;-0.060302734375;0.04638671875;1.031494140625

-0.22900763358778625;0.2900763358778626;-0.08396946564885496;-0.04736328125;0.041259765625;1.03076171875

-0.19083969465648856;0.29770992366412213;-0.07633587786259542;-0.048095703125;0.06201171875;1.04052734375

-0.2595419847328244;0.2900763358778626;-0.061068702290076333;-0.05615234375;0.040771484375;1.03857421875

-0.22900763358778625;0.29770992366412213;-0.06870229007633588;-0.0517578125;0.0419921875;1.036865234375

-0.1984732824427481;0.31297709923664124;-0.06870229007633588;-0.0537109375;0.0498046875;1.041259765625

-0.21374045801526717;0.3053435114503817;-0.06870229007633588;-0.056884765625;0.04248046875;1.039794921875

-0.183206106870229;0.3053435114503817;-0.07633587786259542;-0.055908203125;0.031982421875;1.031494140625

-0.24427480916030533;0.32061068702290074;-0.061068702290076333;-0.04931640625;0.048828125;1.04248046875

-0.22137404580152673;0.32061068702290074;-0.061068702290076333;-0.061767578125;0.042236328125;1.03125

-0.22900763358778625;0.2824427480916031;-0.05343511450381679;-0.051513671875;0.04736328125;1.031982421875

-0.1984732824427481;0.2824427480916031;-0.05343511450381679;-0.048583984375;0.039306640625;1.028564453125

-0.20610687022900764;0.31297709923664124;-0.05343511450381679;-0.061279296875;0.0478515625;1.046630859375

-0.22137404580152673;0.31297709923664124;-0.09923664122137404;-0.059326171875;0.04443359375;1.0205078125

-0.22900763358778625;0.2900763358778626;-0.07633587786259542;-0.058349609375;0.031982421875;1.02587890625

-0.22900763358778625;0.29770992366412213;-0.04580152671755725;-0.056884765625;0.041748046875;1.03857421875

-0.2366412213740458;0.3053435114503817;-0.06870229007633588;-0.058349609375;0.042236328125;1.034423828125

-0.24427480916030533;0.29770992366412213;-0.061068702290076333;-0.054931640625;0.044921875;1.043212890625

-0.22137404580152673;0.3053435114503817;-0.06870229007633588;-0.047119140625;0.06201171875;1.01806640625

-0.24427480916030533;0.29770992366412213;-0.05343511450381679;-0.05810546875;0.03857421875;1.037109375

-0.22900763358778625;0.2900763358778626;-0.05343511450381679;-0.053466796875;0.042236328125;1.033203125

-0.2366412213740458;0.29770992366412213;-0.06870229007633588;-0.0556640625;0.04931640625;1.029541015625

-0.21374045801526717;0.29770992366412213;-0.07633587786259542;-0.056396484375;0.04296875;1.036376953125

-0.20610687022900764;0.2824427480916031;-0.061068702290076333;-0.060791015625;0.04296875;1.045654296875

-0.24427480916030533;0.32061068702290074;-0.05343511450381679;-0.036376953125;0.03173828125;1.0205078125

-0.2366412213740458;0.2900763358778626;-0.0916030534351145;-0.052978515625;0.042236328125;1.034912109375

-0.2366412213740458;0.2748091603053435;-0.06870229007633588;-0.049560546875;0.045654296875;1.029296875

-0.21374045801526717;0.3053435114503817;-0.061068702290076333;-0.05419921875;0.0478515625;1.042236328125

-0.24427480916030533;0.29770992366412213;-0.06870229007633588;-0.05419921875;0.042724609375;1.033935546875

-0.20610687022900764;0.2900763358778626;-0.06870229007633588;-0.060791015625;0.03759765625;1.03466796875

-0.1984732824427481;0.29770992366412213;-0.08396946564885496;-0.0537109375;0.04345703125;1.040771484375

-0.21374045801526717;0.2900763358778626;-0.48854961832061067;-0.03369140625;0.039794921875;1.043212890625

-1.3893129770992367;0.31297709923664124;-2.2061068702290076;-0.298583984375;0.193359375;1.2080078125

2.0839694656488548;1.9236641221374047;-6.099236641221374;0.264892578125;-0.318115234375;1.25927734375

0.6259541984732825;-1.297709923664122;-8.885496183206106;-0.37109375;0.287841796875;0.704833984375

1.6793893129770991;-0.10687022900763359;-9.702290076335878;0.073974609375;0.15771484375;1.190673828125

1.2748091603053435;0.5419847328244275;-9.664122137404581;0.135498046875;0.22265625;0.92626953125

0.9465648854961832;-0.3435114503816794;-10.16030534351145;-0.2314453125;0.220947265625;1.107177734375

0.4732824427480916;0.061068702290076333;-11.618320610687023;0.090576171875;0.017822265625;1.163330078125

1.4885496183206106;-0.9465648854961832;-12.83969465648855;-0.021240234375;-0.103515625;1.056396484375

1.7786259541984732;0.3816793893129771;-11.786259541984732;-0.0244140625;0.057861328125;1.05615234375

2.2442748091603053;-0.8702290076335878;-13.65648854961832;0.01708984375;-0.001953125;0.811767578125

1.7938931297709924;1.1984732824427482;-14.290076335877863;-0.1435546875;0.20068359375;1.370361328125

0.8320610687022901;-0.0916030534351145;-14.038167938931299;0.1923828125;0.0703125;1.1552734375

1.8625954198473282;-0.1984732824427481;-13.351145038167939;-0.18798828125;-0.114013671875;0.861572265625

1.7709923664122138;-0.8396946564885496;-13.702290076335878;-0.05029296875;-0.01416015625;1.00146484375

2.267175572519084;1.83206106870229;-14.320610687022901;-0.1630859375;-0.01318359375;1.09814453125

1.1297709923664123;-0.8473282442748091;-13.931297709923664;-0.041748046875;0.107421875;0.984375

1.8091603053435115;-0.6717557251908397;-13.030534351145038;-0.333984375;0.04248046875;0.847412109375

1.1755725190839694;0.5877862595419847;-13.045801526717558;0.158935546875;-0.036376953125;1.209228515625

1.465648854961832;-0.5267175572519084;-13.198473282442748;-0.15234375;-0.04833984375;0.859619140625

1.6259541984732824;-0.07633587786259542;-13.67175572519084;-0.048095703125;0.09619140625;1.279541015625

1.0076335877862594;-0.6412213740458015;-12.404580152671755;-0.11767578125;0.146240234375;0.806884765625

1.6259541984732824;-1.4274809160305344;-11.595419847328245;-0.14990234375;0.015869140625;1.01611328125

0.9007633587786259;-0.15267175572519084;-12.396946564885496;0.0595703125;0.065673828125;1.177734375

1.5801526717557253;-0.24427480916030533;-13.099236641221374;0.021484375;-0.0810546875;1.050048828125

1.4122137404580153;-0.46564885496183206;-13.01526717557252;-0.0341796875;0.084716796875;1.02099609375

1.3129770992366412;-0.29770992366412213;-11.312977099236642;-0.166259765625;0.046142578125;1.05810546875

1.2061068702290076;-0.3053435114503817;-11.15267175572519;-0.017578125;0.01953125;0.938232421875

0.9236641221374046;-0.04580152671755725;-11.877862595419847;0.04296875;-0.075439453125;1.0244140625

1.6106870229007633;0.015267175572519083;-12.65648854961832;-0.043701171875;0.004638671875;1.14990234375

1.0458015267175573;-1.2061068702290076;-11.793893129770993;-0.0986328125;0.094482421875;1.06689453125

1.1603053435114503;0.3435114503816794;-10.893129770992367;-0.04150390625;0.064453125;0.954833984375

1.2748091603053435;-1.0534351145038168;-9.877862595419847;-0.04345703125;0.050537109375;0.8935546875

1.2900763358778626;0.8702290076335878;-12.763358778625955;-0.024658203125;-0.028076171875;1.30615234375

0.9618320610687023;-0.3511450381679389;-12.15267175572519;-0.062744140625;0.046142578125;1.287109375

1.549618320610687;-0.4732824427480916;-12.244274809160306;-0.143310546875;-0.025146484375;0.7236328125

1.4045801526717556;0.5572519083969466;-12.98473282442748;0.06982421875;0.071533203125;1.15478515625

1.2900763358778626;-1.450381679389313;-13.076335877862595;-0.17431640625;0.126953125;1.048828125

0.9236641221374046;0.8320610687022901;-12.625954198473282;0.08935546875;0.040771484375;1.1787109375

1.7938931297709924;-1.2061068702290076;-12.442748091603054;-0.106201171875;-0.07275390625;0.83935546875

1.6412213740458015;-0.8549618320610687;-13.15267175572519;-0.025634765625;0.040771484375;0.85205078125

1.0305343511450382;1.1297709923664123;-12.86259541984733;0.104248046875;0.071044921875;1.62548828125

1.2290076335877862;1.7938931297709924;-12.053435114503817;0.00927734375;-0.104736328125;0.7197265625

1.6641221374045803;0.5954198473282443;-12.236641221374045;0.004638671875;-0.004150390625;1.214599609375

1.0076335877862594;-1.0305343511450382;-12.534351145038167;-0.035400390625;-0.01708984375;0.860107421875

1.1374045801526718;0.2824427480916031;-12.564885496183207;0.005859375;0.14892578125;1.30078125

1.4351145038167938;-1.4274809160305344;-13.664122137404581;-0.153076171875;0.005126953125;0.936767578125

1.5648854961832062;-0.5572519083969466;-11.648854961832061;0.0458984375;0.01123046875;1.06201171875

1.282442748091603;-0.22900763358778625;-12.221374045801527;0.06640625;0.049560546875;0.878173828125

1.6412213740458015;-0.9083969465648855;-12.816793893129772;-0.0654296875;0.078369140625;1.26904296875

1.2213740458015268;-0.8015267175572519;-13.091603053435115;-0.04638671875;0.132568359375;0.94189453125

1.534351145038168;-0.7480916030534351;-13.183206106870228;0.000732421875;0.0869140625;1.05810546875

1.213740458015267;-0.8244274809160306;-13.870229007633588;-0.063720703125;0.063720703125;0.89453125

1.4961832061068703;-0.09923664122137404;-13.84732824427481;-0.03125;-0.121337890625;1.103271484375

1.2290076335877862;-0.8244274809160306;-13.763358778625955;-0.015380859375;0.07470703125;1.183837890625

1.8015267175572518;-0.5419847328244275;-12.610687022900763;-0.1572265625;0.03564453125;0.84912109375

1.1145038167938932;-0.7709923664122137;-12.0;-0.102294921875;0.136474609375;0.93115234375

1.1526717557251909;0.5343511450381679;-12.15267175572519;0.115234375;0.0224609375;1.0341796875

1.5954198473282444;-0.5190839694656488;-12.595419847328245;-0.13818359375;0.000244140625;1.179443359375

1.5572519083969465;0.5190839694656488;-11.854961832061068;-0.019287109375;0.01806640625;1.178466796875

1.0534351145038168;-1.4580152671755726;-10.84732824427481;-0.20361328125;0.0625;0.750244140625

1.6030534351145038;-0.04580152671755725;-11.351145038167939;-0.00927734375;-0.03076171875;1.09033203125

1.251908396946565;0.6793893129770993;-11.916030534351146;0.225341796875;-0.065673828125;1.057373046875

1.633587786259542;-0.5801526717557252;-12.80916030534351;-0.172119140625;0.192138671875;1.0390625

1.2213740458015268;-1.3511450381679388;-12.335877862595419;-0.141357421875;0.082275390625;1.082275390625

1.6870229007633588;0.6946564885496184;-11.786259541984732;-0.0068359375;0.010009765625;1.01416015625

0.6641221374045801;-1.5419847328244274;-12.206106870229007;-0.027587890625;0.097900390625;0.6884765625

2.145038167938931;0.8702290076335878;-12.816793893129772;0.093017578125;-0.069580078125;1.40966796875

1.0458015267175573;-0.6106870229007634;-11.740458015267176;-0.047607421875;0.1484375;0.812744140625

1.6030534351145038;-1.0916030534351144;-12.954198473282442;-0.23388671875;0.07568359375;1.182373046875

1.213740458015267;0.0;-12.717557251908397;-0.14599609375;0.113037109375;0.931640625

0.5419847328244275;-1.6717557251908397;-12.80916030534351;0.33642578125;0.07177734375;0.863037109375

2.7557251908396947;-0.8931297709923665;-13.755725190839694;-0.19970703125;-0.009033203125;1.072509765625

1.0534351145038168;0.48091603053435117;-14.01526717557252;0.073974609375;0.04931640625;1.314208984375

1.366412213740458;-1.0305343511450382;-13.618320610687023;-0.228515625;0.171142578125;0.739990234375

1.6412213740458015;-0.7022900763358778;-12.961832061068701;-0.21826171875;-0.084716796875;1.044921875

1.251908396946565;-0.08396946564885496;-13.16030534351145;0.244873046875;-0.0126953125;0.922119140625

1.6259541984732824;0.11450381679389313;-13.854961832061068;-0.0791015625;-0.031982421875;1.275634765625

1.1221374045801527;-0.5267175572519084;-13.221374045801527;-0.154052734375;0.049072265625;0.96826171875

1.0076335877862594;-2.1755725190839694;-12.427480916030534;-0.224365234375;0.120849609375;0.9599609375

1.5190839694656488;1.5954198473282444;-12.206106870229007;0.171875;-0.078369140625;1.33935546875

0.8778625954198473;-1.4274809160305344;-13.030534351145038;-0.020751953125;0.0615234375;0.754638671875

2.618320610687023;1.1908396946564885;-13.030534351145038;-0.105224609375;-0.0888671875;1.513916015625

0.8625954198473282;-0.04580152671755725;-12.34351145038168;-0.2265625;0.14501953125;0.588134765625

1.1755725190839694;-1.8702290076335877;-11.290076335877863;0.043701171875;0.018798828125;1.426513671875

1.381679389312977;0.6106870229007634;-11.450381679389313;0.0390625;0.012451171875;0.88818359375

0.8778625954198473;-0.9236641221374046;-12.541984732824428;-0.01318359375;0.055419921875;1.054931640625

1.5572519083969465;0.8320610687022901;-12.557251908396946;0.052490234375;0.055908203125;1.23388671875

1.633587786259542;-0.8549618320610687;-12.435114503816793;-0.361328125;0.123291015625;0.73486328125

0.44274809160305345;-2.312977099236641;-12.061068702290076;-0.092041015625;0.155517578125;1.001953125

0.05343511450381679;1.4809160305343512;-12.007633587786259;-0.045654296875;-0.01220703125;1.1953125

1.3129770992366412;-1.4351145038167938;-12.755725190839694;0.127197265625;0.043212890625;0.601318359375

0.09923664122137404;0.1984732824427481;-13.122137404580153;-0.029296875;-0.00830078125;1.450439453125

1.1603053435114503;-1.1526717557251909;-12.98473282442748;-0.2255859375;0.130615234375;0.84228515625

1.4274809160305344;0.2595419847328244;-11.893129770992367;-0.125732421875;0.064208984375;1.19677734375

1.2442748091603053;-0.7557251908396947;-11.931297709923664;0.056396484375;0.0947265625;0.77197265625

1.4580152671755726;0.16030534351145037;-12.625954198473282;0.0234375;-0.037353515625;1.36572265625

1.6717557251908397;0.2595419847328244;-13.129770992366412;0.008544921875;0.015380859375;0.902099609375

1.5038167938931297;-0.26717557251908397;-12.404580152671755;-0.0908203125;0.073486328125;1.177734375

0.015267175572519083;-0.3435114503816794;-12.198473282442748;0.009033203125;0.00634765625;1.021728515625

0.7557251908396947;-1.2900763358778626;-13.19083969465649;0.10498046875;0.087890625;0.9697265625

2.595419847328244;1.6793893129770991;-13.106870229007633;-0.044677734375;-0.0830078125;1.342529296875

1.16793893129771;-2.2290076335877864;-12.86259541984733;-0.274658203125;0.064453125;0.53369140625

1.6946564885496183;1.1145038167938932;-12.183206106870228;0.143310546875;0.010986328125;1.608154296875

0.916030534351145;-1.297709923664122;-12.992366412213741;-0.025634765625;0.12060546875;0.54345703125

0.1297709923664122;-0.549618320610687;-13.435114503816793;-0.047607421875;-0.04345703125;1.48583984375

1.4274809160305344;-0.24427480916030533;-12.98473282442748;-0.14990234375;0.120849609375;0.793212890625

0.8625954198473282;-1.16793893129771;-12.129770992366412;-0.182861328125;0.094970703125;1.047607421875

1.2595419847328244;1.3435114503816794;-12.603053435114504;0.3251953125;-0.02294921875;1.1748046875

1.1755725190839694;-1.4809160305343512;-13.16030534351145;-0.1640625;-0.0283203125;0.891357421875

3.687022900763359;0.6259541984732825;-12.580152671755725;-0.142822265625;0.010009765625;1.00634765625

0.6412213740458015;-1.3053435114503817;-11.916030534351146;-0.118408203125;0.166015625;0.992431640625

1.282442748091603;0.1984732824427481;-12.404580152671755;0.01025390625;-0.007568359375;0.852294921875

0.05343511450381679;-0.22900763358778625;-13.206106870229007;-0.074462890625;-0.043212890625;1.36865234375

0.6641221374045801;-0.1984732824427481;-12.282442748091603;-0.09814453125;0.065673828125;0.834228515625

0.7099236641221374;-0.03816793893129771;-11.98473282442748;-0.11083984375;0.0185546875;0.902587890625

1.450381679389313;-0.5877862595419847;-12.786259541984732;-0.013671875;-0.045166015625;0.994384765625

2.4580152671755724;1.9083969465648856;-13.198473282442748;-0.02587890625;-0.01025390625;1.2138671875

0.7022900763358778;-0.22137404580152673;-12.404580152671755;0.101806640625;0.087158203125;1.077880859375

0.7938931297709924;1.8473282442748091;-12.366412213740459;-0.038818359375;0.13232421875;0.728759765625

1.816793893129771;-0.6106870229007634;-11.740458015267176;-0.09912109375;0.059326171875;1.11083984375

1.7099236641221374;0.15267175572519084;-13.038167938931299;-0.03564453125;0.022216796875;1.296875

0.9847328244274809;-3.786259541984733;-12.206106870229007;-0.3251953125;0.177734375;0.619873046875

0.0;0.549618320610687;-12.374045801526718;-0.010009765625;-0.007080078125;1.1630859375

1.3206106870229009;-0.3511450381679389;-13.061068702290076;0.0126953125;0.00048828125;1.213623046875

1.8778625954198473;-0.11450381679389313;-12.427480916030534;-0.2783203125;0.158203125;0.75341796875

1.1526717557251909;1.5419847328244274;-10.374045801526718;0.36376953125;-0.062255859375;1.4267578125

0.40458015267175573;-0.7709923664122137;-8.526717557251908;0.0361328125;0.085693359375;0.719970703125

0.7404580152671756;0.20610687022900764;-7.030534351145038;-0.14404296875;-0.009765625;1.00244140625

0.6870229007633588;0.9694656488549618;-5.106870229007634;0.071533203125;-0.1806640625;1.34423828125

0.20610687022900764;-0.8320610687022901;-5.8320610687022905;-0.140625;-0.0498046875;0.760009765625

0.5343511450381679;0.4732824427480916;-2.2748091603053435;-0.08154296875;-0.03271484375;1.144287109375

0.11450381679389313;-1.9236641221374047;-0.6335877862595419;-0.152099609375;0.042236328125;1.0361328125

-0.5267175572519084;0.5801526717557252;0.5267175572519084;-0.010009765625;0.12060546875;1.024658203125

-0.35877862595419846;0.42748091603053434;0.030534351145038167;-0.059814453125;0.0908203125;1.050048828125

-0.12213740458015267;0.15267175572519084;-0.19083969465648856;-0.0966796875;-0.01806640625;1.000244140625

-0.10687022900763359;0.5114503816793893;-0.13740458015267176;-0.017578125;0.026123046875;1.047607421875

-0.31297709923664124;0.26717557251908397;-0.04580152671755725;-0.083251953125;0.10546875;1.019287109375

-0.3053435114503817;0.2366412213740458;0.05343511450381679;-0.107666015625;0.046630859375;1.029296875

-0.19083969465648856;0.32061068702290074;-0.13740458015267176;-0.025146484375;0.024658203125;1.03466796875

-0.183206106870229;0.35877862595419846;-0.08396946564885496;-0.0595703125;0.041015625;1.03515625

-0.26717557251908397;0.24427480916030533;-0.022900763358778626;-0.0869140625;0.0771484375;1.013427734375

-0.29770992366412213;0.31297709923664124;0.007633587786259542;-0.058837890625;0.041748046875;1.03271484375

-0.20610687022900764;0.31297709923664124;-0.11450381679389313;-0.05712890625;0.02734375;1.03662109375

-0.1984732824427481;0.29770992366412213;-0.06870229007633588;-0.0673828125;0.052490234375;1.02880859375

-0.22137404580152673;0.3053435114503817;-0.030534351145038167;-0.05517578125;0.06298828125;1.0166015625

-0.22900763358778625;0.29770992366412213;-0.04580152671755725;-0.06201171875;0.037841796875;1.03076171875

-0.19083969465648856;0.31297709923664124;-0.10687022900763359;-0.058349609375;0.032470703125;1.0322265625

-0.22137404580152673;0.2900763358778626;-0.06870229007633588;-0.0341796875;0.06005859375;1.036376953125

-0.24427480916030533;0.2900763358778626;-0.04580152671755725;-0.077392578125;0.052734375;1.037841796875

-0.22900763358778625;0.29770992366412213;-0.08396946564885496;-0.060546875;0.0419921875;1.03759765625

-0.25190839694656486;0.32061068702290074;-0.11450381679389313;-0.0546875;0.043701171875;1.0302734375

-0.2366412213740458;0.29770992366412213;-0.06870229007633588;-0.058349609375;0.05078125;1.028076171875

-0.25190839694656486;0.31297709923664124;-0.08396946564885496;-0.055908203125;0.06103515625;1.044189453125

-0.24427480916030533;0.31297709923664124;-0.08396946564885496;-0.055908203125;0.045166015625;1.031982421875

-0.21374045801526717;0.2900763358778626;-0.08396946564885496;-0.059814453125;0.03466796875;1.03076171875

-0.24427480916030533;0.3053435114503817;-0.03816793893129771;-0.0615234375;0.049560546875;1.036865234375

-0.24427480916030533;0.32061068702290074;-0.08396946564885496;-0.0576171875;0.03466796875;1.034912109375

-0.1984732824427481;0.2900763358778626;-0.0916030534351145;-0.058837890625;0.05322265625;1.0322265625

-0.1984732824427481;0.2900763358778626;-0.0916030534351145;-0.058837890625;0.051025390625;1.019775390625

-0.21374045801526717;0.2824427480916031;-0.06870229007633588;-0.06005859375;0.047607421875;1.039306640625

-0.21374045801526717;0.31297709923664124;-0.06870229007633588;-0.0595703125;0.031494140625;1.042724609375

-0.22900763358778625;0.2824427480916031;-0.07633587786259542;-0.049560546875;0.051513671875;1.01708984375

-0.22137404580152673;0.3053435114503817;-0.07633587786259542;-0.062744140625;0.048583984375;1.043701171875

-0.22137404580152673;0.31297709923664124;-0.08396946564885496;-0.062744140625;0.0498046875;1.029052734375

-0.21374045801526717;0.31297709923664124;-0.07633587786259542;-0.07763671875;0.033935546875;1.0302734375

-0.20610687022900764;0.32061068702290074;-0.06870229007633588;-0.063720703125;0.050537109375;1.020751953125

-0.20610687022900764;0.29770992366412213;-0.08396946564885496;-0.056396484375;0.0400390625;1.0322265625

-0.20610687022900764;0.29770992366412213;-0.06870229007633588;-0.058349609375;0.045654296875;1.03955078125

-0.21374045801526717;0.33587786259541985;-0.06870229007633588;-0.06298828125;0.061767578125;1.04296875

-0.2595419847328244;0.2824427480916031;-0.06870229007633588;-0.059814453125;0.047607421875;1.032470703125

-0.22137404580152673;0.3053435114503817;-0.08396946564885496;-0.0546875;0.04443359375;1.0166015625

-0.24427480916030533;0.3053435114503817;-0.07633587786259542;-0.051513671875;0.04638671875;1.033203125

-0.22900763358778625;0.2824427480916031;-0.0916030534351145;-0.053466796875;0.05224609375;1.03564453125

-0.22900763358778625;0.2900763358778626;-0.061068702290076333;-0.060791015625;0.055419921875;1.044677734375

-0.22900763358778625;0.31297709923664124;-0.07633587786259542;-0.061279296875;0.062255859375;1.017822265625

-0.2366412213740458;0.32061068702290074;-0.07633587786259542;-0.05810546875;0.059814453125;1.036865234375

-0.1984732824427481;0.2900763358778626;-0.05343511450381679;-0.053466796875;0.048828125;1.033935546875

-0.21374045801526717;0.32061068702290074;-0.04580152671755725;-0.073486328125;0.052978515625;1.025634765625

-0.2748091603053435;0.29770992366412213;-0.06870229007633588;-0.060302734375;0.047119140625;1.0380859375

-0.21374045801526717;0.3282442748091603;-0.061068702290076333;-0.057861328125;0.03466796875;1.03515625

-0.24427480916030533;0.31297709923664124;-0.06870229007633588;-0.059814453125;0.048095703125;1.04296875

-0.1984732824427481;0.2748091603053435;-0.03816793893129771;-0.05419921875;0.048828125;1.028076171875

-0.22900763358778625;0.32061068702290074;-0.05343511450381679;-0.0673828125;0.0322265625;1.01953125

-0.22137404580152673;0.29770992366412213;-0.061068702290076333;-0.056396484375;0.0537109375;1.033447265625

-0.2366412213740458;0.32061068702290074;-0.015267175572519083;-0.0625;0.060302734375;1.027587890625

-0.25190839694656486;0.3053435114503817;-0.0916030534351145;-0.066162109375;0.04443359375;1.0302734375

-0.22900763358778625;0.29770992366412213;-0.07633587786259542;-0.052001953125;0.044921875;1.033203125

-0.19083969465648856;0.2824427480916031;-0.06870229007633588;-0.04736328125;0.031982421875;1.036376953125

-0.183206106870229;0.33587786259541985;-0.07633587786259542;-0.07470703125;0.032958984375;1.03271484375

-0.2366412213740458;0.31297709923664124;-0.06870229007633588;-0.061279296875;0.043212890625;1.033203125

-0.2595419847328244;0.3053435114503817;-0.061068702290076333;-0.0615234375;0.049560546875;1.033935546875

-0.25190839694656486;0.2900763358778626;-0.03816793893129771;-0.0625;0.035400390625;1.018310546875

-0.26717557251908397;0.32061068702290074;-0.09923664122137404;-0.063232421875;0.048828125;1.032958984375

-0.21374045801526717;0.29770992366412213;-0.04580152671755725;-0.056640625;0.04638671875;1.02783203125

-0.21374045801526717;0.32061068702290074;-0.08396946564885496;-0.056884765625;0.045166015625;1.03271484375

-0.2366412213740458;0.29770992366412213;-0.07633587786259542;-0.047607421875;0.05908203125;1.0361328125

-0.22900763358778625;0.3053435114503817;-0.05343511450381679;-0.060302734375;0.04638671875;1.037353515625

-0.21374045801526717;0.31297709923664124;-0.08396946564885496;-0.058837890625;0.06005859375;1.03564453125

-0.22900763358778625;0.32061068702290074;-0.06870229007633588;-0.069580078125;0.0517578125;1.036865234375

-0.22900763358778625;0.3053435114503817;-0.07633587786259542;-0.056640625;0.061767578125;1.02978515625

-0.21374045801526717;0.2748091603053435;-0.07633587786259542;-0.072509765625;0.048583984375;1.039794921875

-0.183206106870229;0.32061068702290074;-0.08396946564885496;-0.0478515625;0.048095703125;1.015869140625

-0.22900763358778625;0.3053435114503817;-0.061068702290076333;-0.059814453125;0.049560546875;1.034912109375

-0.25190839694656486;0.32061068702290074;-0.07633587786259542;-0.058349609375;0.06005859375;1.0322265625

-0.2366412213740458;0.2900763358778626;-0.03816793893129771;-0.0595703125;0.047607421875;1.021484375

-0.1984732824427481;0.2824427480916031;-0.15267175572519084;-0.063720703125;0.031982421875;1.0283203125

-0.6564885496183206;-1.0610687022900764;-3.900763358778626;-0.02099609375;0.034423828125;1.010986328125

0.1984732824427481;0.6106870229007634;-6.213740458015267;0.123291015625;-0.0302734375;1.09716796875

1.7938931297709924;-0.648854961832061;-7.656488549618321;0.003173828125;0.028564453125;0.815185546875

1.4198473282442747;1.6030534351145038;-9.267175572519085;0.089599609375;0.30908203125;1.435791015625

0.7480916030534351;-3.0076335877862594;-9.893129770992367;-0.3525390625;0.4287109375;0.642333984375

1.16793893129771;1.0229007633587786;-10.244274809160306;0.175537109375;0.122314453125;1.20947265625

0.5038167938931297;-0.29770992366412213;-11.954198473282442;0.25439453125;0.00146484375;1.150634765625

1.9770992366412214;-0.007633587786259542;-13.358778625954198;-0.034423828125;-0.10107421875;1.038818359375

1.0381679389312977;-0.5419847328244275;-13.969465648854962;-0.2275390625;0.1103515625;0.8857421875

1.5190839694656488;-1.0381679389312977;-15.557251908396946;-0.10888671875;0.0703125;0.81494140625

2.404580152671756;0.8396946564885496;-14.061068702290076;0.08447265625;-0.0146484375;1.296142578125

1.3435114503816794;-1.9694656488549618;-14.17557251908397;-0.331298828125;0.07080078125;1.013916015625

1.465648854961832;0.6870229007633588;-13.595419847328245;-0.027587890625;0.05615234375;0.855224609375

0.9465648854961832;-0.40458015267175573;-13.526717557251908;0.18359375;0.063232421875;1.07177734375

3.7709923664122136;-0.4198473282442748;-15.603053435114504;-0.20361328125;-0.00830078125;0.81494140625

1.786259541984733;-0.732824427480916;-13.01526717557252;-0.1474609375;0.054931640625;1.16357421875

0.9541984732824428;-1.213740458015267;-12.34351145038168;0.034912109375;-0.010986328125;0.92333984375

1.7328244274809161;1.3206106870229009;-12.664122137404581;0.246826171875;-0.02001953125;1.14892578125

1.5114503816793894;-1.4580152671755726;-12.992366412213741;-0.35888671875;0.072265625;0.904541015625

1.083969465648855;-0.366412213740458;-11.610687022900763;-0.1162109375;0.078857421875;1.15185546875

1.1450381679389312;0.10687022900763359;-11.366412213740459;0.182373046875;0.013427734375;1.001708984375

1.2442748091603053;-0.3053435114503817;-12.511450381679388;0.00390625;0.11474609375;1.0234375

1.5038167938931297;-0.7709923664122137;-12.435114503816793;-0.230224609375;0.036376953125;0.962646484375

1.0610687022900764;-0.2595419847328244;-11.427480916030534;-0.01513671875;0.07080078125;1.126708984375

0.6946564885496184;0.7251908396946565;-11.86259541984733;0.27099609375;0.059814453125;1.1865234375

1.465648854961832;-0.6183206106870229;-13.099236641221374;-0.126953125;0.0419921875;0.756103515625

1.9770992366412214;-0.549618320610687;-12.969465648854962;-0.2763671875;0.015380859375;1.098876953125

0.6564885496183206;0.35877862595419846;-11.870229007633588;0.17724609375;0.13330078125;1.197265625

1.3282442748091603;-0.549618320610687;-12.198473282442748;0.04052734375;0.029541015625;0.889892578125

1.6793893129770991;-0.2824427480916031;-13.16793893129771;-0.185302734375;0.012451171875;1.064697265625

2.1374045801526718;-0.8702290076335878;-13.076335877862595;-0.24560546875;0.023193359375;1.017333984375

0.7251908396946565;0.022900763358778626;-11.946564885496183;0.28955078125;0.09912109375;1.294921875

1.4122137404580153;-0.4351145038167939;-12.557251908396946;0.016845703125;0.041748046875;0.728271484375

0.03816793893129771;0.12213740458015267;-13.213740458015268;-0.200927734375;0.0380859375;1.320556640625

0.9923664122137404;-1.2213740458015268;-12.595419847328245;-0.192138671875;-0.006591796875;0.969970703125

1.1297709923664123;-1.9389312977099236;-11.923664122137405;0.065673828125;0.003662109375;1.047607421875

1.7786259541984732;-0.015267175572519083;-12.412213740458014;0.054931640625;0.000732421875;0.9765625

1.6412213740458015;-0.6335877862595419;-13.122137404580153;-0.298583984375;0.004638671875;1.200439453125

1.0916030534351144;-1.3435114503816794;-12.396946564885496;-0.21826171875;0.151611328125;0.864501953125

1.2900763358778626;-0.08396946564885496;-11.977099236641221;0.164794921875;-0.000244140625;1.288818359375

1.6412213740458015;1.9083969465648856;-12.80916030534351;0.177001953125;0.017333984375;0.879638671875

1.6030534351145038;0.15267175572519084;-13.083969465648854;-0.241943359375;0.031982421875;1.148193359375

0.9389312977099237;-0.6717557251908397;-12.389312977099237;-0.158203125;0.11669921875;0.986572265625

1.282442748091603;-0.07633587786259542;-11.938931297709924;0.141357421875;-0.017578125;1.0263671875

1.16793893129771;-0.7022900763358778;-13.083969465648854;-0.089599609375;0.08349609375;1.054443359375

2.015267175572519;-0.2824427480916031;-12.641221374045802;-0.29345703125;-0.046142578125;1.029052734375

0.6641221374045801;-1.282442748091603;-11.557251908396946;0.001220703125;0.123779296875;0.961669921875

1.1450381679389312;0.7938931297709924;-9.786259541984732;0.193359375;0.0205078125;1.080810546875

1.1145038167938932;-0.8473282442748091;-12.618320610687023;-0.158203125;-0.004638671875;1.060791015625

1.4274809160305344;-0.9618320610687023;-12.358778625954198;-0.195068359375;0.10498046875;0.80029296875

0.2824427480916031;-0.2748091603053435;-11.19083969465649;0.1572265625;0.13427734375;1.201171875

1.2900763358778626;0.4351145038167939;-11.419847328244275;0.080810546875;0.011474609375;0.9140625

1.1984732824427482;-0.9541984732824428;-12.908396946564885;-0.224365234375;0.095947265625;1.021240234375

2.1908396946564888;0.1984732824427481;-12.916030534351146;-0.213623046875;-0.000244140625;0.9228515625

0.29770992366412213;-0.6335877862595419;-11.793893129770993;0.026123046875;0.172119140625;1.078857421875

1.2442748091603053;0.4351145038167939;-11.648854961832061;0.17724609375;0.007568359375;1.049560546875

1.4274809160305344;-0.9847328244274809;-12.717557251908397;-0.120361328125;0.08203125;0.901123046875

2.015267175572519;0.9389312977099237;-12.763358778625955;-0.2021484375;-0.05078125;1.227783203125

0.22137404580152673;-1.3587786259541985;-11.732824427480915;-0.1396484375;0.12353515625;0.833984375

1.450381679389313;0.9923664122137404;-11.48091603053435;0.21142578125;-0.0322265625;1.154296875

1.6106870229007633;-1.5267175572519085;-13.16030534351145;-0.177978515625;-0.013916015625;0.8388671875

1.0458015267175573;-0.9541984732824428;-12.19083969465649;-0.083251953125;0.128173828125;0.853515625

1.0229007633587786;-0.10687022900763359;-11.389312977099237;0.17626953125;-0.0361328125;1.109375

1.3435114503816794;1.6488549618320612;-12.335877862595419;0.0478515625;0.014404296875;0.9150390625

1.8015267175572518;-0.6564885496183206;-13.099236641221374;-0.178955078125;0.02099609375;1.269287109375

1.0763358778625953;-0.5572519083969466;-12.251908396946565;0.029541015625;0.053955078125;0.901611328125

0.9541984732824428;-0.4961832061068702;-9.786259541984732;0.14990234375;0.0498046875;0.960205078125

1.5572519083969465;-0.2595419847328244;-12.931297709923664;-0.01123046875;0.072509765625;1.049072265625

1.8244274809160306;-0.7709923664122137;-13.068702290076336;-0.3056640625;-0.0595703125;1.1357421875

0.6106870229007634;-0.22137404580152673;-12.534351145038167;0.0244140625;0.038818359375;1.029296875

1.534351145038168;-0.8244274809160306;-12.274809160305344;0.010009765625;-0.071044921875;0.8681640625

1.7633587786259541;0.29770992366412213;-13.13740458015267;-0.06298828125;0.053955078125;1.254638671875

2.015267175572519;-1.6412213740458015;-13.358778625954198;-0.333740234375;0.073974609375;0.85888671875

0.4732824427480916;0.8931297709923665;-12.038167938931299;0.220703125;0.078369140625;1.343994140625

1.1526717557251909;-0.9770992366412213;-12.122137404580153;-0.029052734375;0.034912109375;0.60791015625

1.8931297709923665;-0.1450381679389313;-13.15267175572519;-0.041015625;-0.010986328125;1.447998046875

1.9389312977099236;-0.2748091603053435;-13.053435114503817;-0.1435546875;-0.053466796875;1.033203125

1.015267175572519;-1.0763358778625953;-12.290076335877863;-0.066162109375;0.13134765625;0.951416015625

0.6564885496183206;1.1984732824427482;-11.83206106870229;0.211181640625;-0.002685546875;1.13232421875

1.3969465648854962;-0.24427480916030533;-12.595419847328245;-0.077392578125;0.0390625;0.87060546875

2.0839694656488548;-0.1297709923664122;-13.106870229007633;-0.15625;-0.041259765625;1.2529296875

0.7862595419847328;-0.5954198473282443;-12.022900763358779;-0.068603515625;0.116943359375;0.961669921875

1.1908396946564885;-0.3282442748091603;-11.954198473282442;0.131103515625;0.008544921875;0.89892578125

0.015267175572519083;0.5267175572519084;-12.923664122137405;0.03857421875;-0.006591796875;1.160888671875

3.8625954198473282;-0.4580152671755725;-13.083969465648854;-0.26220703125;0.02392578125;1.0263671875

0.03816793893129771;-1.633587786259542;-12.15267175572519;-0.026123046875;0.135986328125;1.009765625

1.9923664122137406;-0.7251908396946565;-12.534351145038167;-0.125;-0.11328125;0.668701171875

1.3129770992366412;1.5801526717557253;-13.114503816793894;0.05712890625;-0.044677734375;1.6015625

0.2824427480916031;-1.1145038167938932;-12.893129770992367;-0.227294921875;0.176513671875;0.650146484375

0.9923664122137404;-1.213740458015267;-12.923664122137405;-0.150146484375;0.071044921875;0.733154296875

2.0763358778625953;-0.732824427480916;-13.801526717557252;-0.0595703125;0.05908203125;1.19140625

1.5725190839694656;0.3282442748091603;-13.83969465648855;-0.194091796875;-0.121337890625;1.151123046875

0.7786259541984732;-1.5725190839694656;-12.068702290076336;-0.14892578125;0.154541015625;0.8798828125

1.5572519083969465;0.5190839694656488;-12.435114503816793;0.11376953125;-0.00244140625;1.043212890625

1.5877862595419847;0.4732824427480916;-13.213740458015268;-0.039306640625;-0.125732421875;1.197509765625

1.3587786259541985;-0.3511450381679389;-12.923664122137405;-0.29833984375;0.02099609375;0.842041015625

1.916030534351145;-1.4122137404580153;-11.969465648854962;-0.197509765625;0.08984375;1.037109375

0.5267175572519084;2.1755725190839694;-11.98473282442748;0.522705078125;0.083740234375;1.628173828125

1.251908396946565;-1.5877862595419847;-13.206106870229007;-0.2255859375;0.046630859375;0.5029296875

2.480916030534351;0.13740458015267176;-13.351145038167939;-0.257568359375;-0.087158203125;1.53466796875

0.6793893129770993;-0.21374045801526717;-12.450381679389313;0.135986328125;0.194580078125;0.90673828125

0.9541984732824428;-0.5267175572519084;-12.145038167938932;-0.0625;0.056640625;0.921630859375

0.1297709923664122;0.32061068702290074;-12.541984732824428;-0.141845703125;0.02880859375;1.025146484375

1.4961832061068703;-1.1221374045801527;-13.053435114503817;-0.43408203125;-0.00634765625;1.06640625

1.6106870229007633;0.4961832061068702;-12.221374045801527;-0.058349609375;0.017333984375;1.208984375

0.549618320610687;-2.5114503816793894;-11.717557251908397;-0.053466796875;0.113525390625;0.77099609375

2.312977099236641;0.8091603053435115;-12.374045801526718;-0.020751953125;0.0244140625;1.00390625

1.4045801526717556;-0.9007633587786259;-13.267175572519085;0.04150390625;-0.132568359375;1.10498046875

0.6870229007633588;-1.4427480916030535;-12.465648854961833;-0.2197265625;0.16748046875;0.834228515625

1.9083969465648856;-1.183206106870229;-12.16030534351145;-0.00830078125;0.060546875;1.025634765625

1.6793893129770991;0.22900763358778625;-12.610687022900763;0.332275390625;-0.11376953125;1.165771484375

1.3511450381679388;-0.35877862595419846;-13.061068702290076;-0.150634765625;0.021240234375;1.07666015625

0.8320610687022901;-0.648854961832061;-11.900763358778626;-0.139404296875;0.123779296875;0.962890625

1.3511450381679388;-0.04580152671755725;-11.854961832061068;-0.03857421875;0.002197265625;0.872802734375

2.183206106870229;0.6030534351145038;-12.030534351145038;-0.1357421875;-0.10498046875;1.307373046875

1.4122137404580153;-0.5190839694656488;-9.49618320610687;0.043212890625;-0.005126953125;1.201416015625

0.7633587786259542;-0.20610687022900764;-6.977099236641221;0.05615234375;0.0546875;0.994384765625

-0.183206106870229;-0.1984732824427481;-4.824427480916031;-0.037109375;0.028564453125;0.9912109375

0.16030534351145037;0.366412213740458;-2.877862595419847;-0.073486328125;-0.0830078125;1.03125

0.0916030534351145;0.183206106870229;-1.5190839694656488;-0.10791015625;-0.126220703125;1.048828125

0.05343511450381679;0.3053435114503817;-0.33587786259541985;-0.129150390625;-0.04150390625;1.00341796875

-0.04580152671755725;0.3969465648854962;0.1984732824427481;-0.07275390625;0.084228515625;1.060546875

-0.366412213740458;0.25190839694656486;-0.1297709923664122;-0.044677734375;0.16015625;0.95751953125

-0.35877862595419846;0.2366412213740458;-0.015267175572519083;-0.057373046875;0.008056640625;1.060546875

-0.10687022900763359;0.40458015267175573;0.07633587786259542;-0.065185546875;-0.0458984375;1.051513671875

-0.13740458015267176;0.3282442748091603;-0.2900763358778626;-0.058349609375;0.058837890625;1.017333984375

-0.22137404580152673;0.1984732824427481;-0.10687022900763359;-0.06884765625;0.07080078125;1.027587890625

-0.25190839694656486;0.3893129770992366;0.09923664122137404;-0.04052734375;0.0673828125;1.041259765625

-0.2900763358778626;0.2595419847328244;-0.08396946564885496;-0.046142578125;0.060546875;1.03076171875

-0.183206106870229;0.3053435114503817;-0.030534351145038167;-0.072021484375;-0.013427734375;1.04443359375

-0.16030534351145037;0.3282442748091603;-0.13740458015267176;-0.069580078125;0.032470703125;1.033203125

-0.2366412213740458;0.2900763358778626;-0.05343511450381679;-0.056640625;0.065673828125;1.025390625

-0.29770992366412213;0.3282442748091603;0.03816793893129771;-0.072021484375;0.050048828125;1.043212890625

-0.22900763358778625;0.2900763358778626;-0.061068702290076333;-0.070556640625;0.031494140625;1.026123046875

-0.15267175572519084;0.2824427480916031;-0.08396946564885496;-0.05224609375;0.023193359375;1.035400390625

-0.19083969465648856;0.3435114503816794;-0.03816793893129771;-0.04736328125;0.058837890625;1.027587890625

-0.24427480916030533;0.2824427480916031;-0.04580152671755725;-0.0517578125;0.05810546875;1.025146484375

-0.26717557251908397;0.29770992366412213;-0.007633587786259542;-0.053955078125;0.041015625;1.029296875

-0.22137404580152673;0.3053435114503817;-0.07633587786259542;-0.054443359375;0.03125;1.038330078125

-0.22137404580152673;0.3053435114503817;-0.08396946564885496;-0.048095703125;0.03564453125;1.038818359375

-0.21374045801526717;0.2900763358778626;-0.05343511450381679;-0.061279296875;0.053466796875;1.018310546875

-0.26717557251908397;0.29770992366412213;-0.07633587786259542;-0.058837890625;0.04736328125;1.025634765625

-0.24427480916030533;0.31297709923664124;-0.06870229007633588;-0.06640625;0.036376953125;1.041015625

-0.1984732824427481;0.2900763358778626;-0.0916030534351145;-0.054443359375;0.03759765625;1.036865234375

-0.2366412213740458;0.2824427480916031;-0.03816793893129771;-0.055419921875;0.043212890625;1.03564453125

-0.20610687022900764;0.31297709923664124;-0.07633587786259542;-0.053955078125;0.06103515625;1.033935546875

-0.22900763358778625;0.2900763358778626;-0.04580152671755725;-0.05517578125;0.040771484375;1.02880859375

-0.20610687022900764;0.29770992366412213;-0.06870229007633588;-0.053466796875;0.038330078125;1.02734375

-0.2366412213740458;0.2900763358778626;-0.09923664122137404;-0.05078125;0.04150390625;1.0361328125

-0.1984732824427481;0.29770992366412213;-0.03816793893129771;-0.072998046875;0.03125;1.042724609375

-0.22137404580152673;0.31297709923664124;-0.05343511450381679;-0.052001953125;0.041748046875;1.03466796875

-0.22900763358778625;0.32061068702290074;-0.015267175572519083;-0.050537109375;0.032958984375;1.040771484375

-0.22137404580152673;0.2824427480916031;-0.06870229007633588;-0.056640625;0.042236328125;1.0341796875

-0.22900763358778625;0.2748091603053435;-0.06870229007633588;-0.056640625;0.043701171875;1.029052734375

-0.21374045801526717;0.29770992366412213;-0.04580152671755725;-0.048583984375;0.0419921875;1.031494140625

-0.22137404580152673;0.2900763358778626;-0.06870229007633588;-0.04833984375;0.04052734375;1.0458984375

-0.22137404580152673;0.2900763358778626;-0.04580152671755725;-0.051513671875;0.03564453125;1.045166015625

-0.22137404580152673;0.3282442748091603;-0.07633587786259542;-0.059814453125;0.036865234375;1.021484375

-0.2366412213740458;0.29770992366412213;-0.07633587786259542;-0.056396484375;0.042724609375;1.034912109375

-0.21374045801526717;0.33587786259541985;-0.061068702290076333;-0.060791015625;0.041748046875;1.018310546875

-0.21374045801526717;0.3053435114503817;-0.05343511450381679;-0.055908203125;0.044921875;1.04541015625

-0.20610687022900764;0.32061068702290074;-0.10687022900763359;-0.056640625;0.043212890625;1.01611328125

-0.22900763358778625;0.32061068702290074;-0.061068702290076333;-0.0634765625;0.0439453125;1.04150390625

-0.21374045801526717;0.31297709923664124;-0.07633587786259542;-0.063232421875;0.041259765625;1.033935546875

-0.22900763358778625;0.2900763358778626;-0.05343511450381679;-0.0634765625;0.0439453125;1.040283203125

-0.6030534351145038;-0.366412213740458;-2.0610687022900764;0.0107421875;0.00390625;1.021240234375

0.22900763358778625;-0.35877862595419846;-4.6106870229007635;0.09326171875;-0.191650390625;1.204833984375

0.8244274809160306;0.9847328244274809;-6.3816793893129775;0.03466796875;0.11328125;0.802001953125

0.2748091603053435;-1.1526717557251909;-7.656488549618321;-0.176025390625;0.15087890625;0.88916015625

1.16793893129771;0.7862595419847328;-8.465648854961833;-0.0556640625;0.113525390625;1.3076171875

1.1984732824427482;-0.4961832061068702;-8.84732824427481;-0.017822265625;0.105712890625;0.7294921875

1.4045801526717556;-0.5954198473282443;-9.725190839694656;-0.106201171875;0.205078125;1.236328125

0.7709923664122137;-0.05343511450381679;-10.763358778625955;0.01904296875;0.161865234375;0.998046875

1.0534351145038168;0.21374045801526717;-12.083969465648854;-0.037841796875;0.103271484375;1.07958984375

1.4580152671755726;-2.0076335877862594;-13.198473282442748;-0.04345703125;0.083984375;0.8583984375

1.984732824427481;1.5114503816793894;-14.17557251908397;0.131103515625;-0.053955078125;1.30859375

1.5038167938931297;-1.9236641221374047;-14.549618320610687;-0.17041015625;0.01318359375;0.89111328125

1.618320610687023;-0.8625954198473282;-14.213740458015268;-0.0595703125;0.078857421875;1.18896484375

0.9847328244274809;0.8702290076335878;-13.816793893129772;0.393310546875;0.105712890625;1.05859375

2.3206106870229006;-1.8091603053435115;-14.465648854961833;-0.319091796875;0.045654296875;0.60888671875

1.83206106870229;0.030534351145038167;-14.557251908396946;-0.1044921875;0.011474609375;1.570556640625

0.6030534351145038;-2.6259541984732824;-13.793893129770993;-0.15283203125;0.168701171875;0.60400390625

1.4122137404580153;1.816793893129771;-13.488549618320612;0.078125;-0.0078125;1.483154296875

2.236641221374046;-2.618320610687023;-13.694656488549619;-0.198486328125;-0.002197265625;0.51953125

0.13740458015267176;0.5038167938931297;-14.045801526717558;-0.027099609375;-0.093994140625;1.777099609375

0.5572519083969466;-1.1603053435114503;-13.236641221374045;-0.10791015625;0.13427734375;0.65673828125

1.2442748091603053;-0.816793893129771;-12.198473282442748;0.02099609375;0.0400390625;1.241943359375

1.618320610687023;0.8854961832061069;-12.19083969465649;0.132080078125;-0.008544921875;1.007568359375

1.3435114503816794;-1.2748091603053435;-12.564885496183207;-0.173095703125;0.09912109375;0.935791015625

1.6946564885496183;-0.6717557251908397;-12.442748091603054;-0.169677734375;0.02294921875;1.108642578125

0.2748091603053435;-1.1908396946564885;-11.366412213740459;0.03271484375;0.0634765625;0.92236328125

1.2671755725190839;0.8625954198473282;-11.122137404580153;0.136474609375;-0.02099609375;1.217041015625

1.5419847328244274;-1.3129770992366412;-11.84732824427481;-0.19189453125;0.001220703125;0.74951171875

2.2213740458015265;0.4580152671755725;-12.32824427480916;-0.159912109375;-0.04931640625;1.412109375

0.7022900763358778;-2.4656488549618323;-12.374045801526718;-0.1787109375;0.1884765625;0.640625

0.7633587786259542;1.4198473282442747;-11.366412213740459;0.216796875;-0.00048828125;1.3330078125

0.8625954198473282;-1.2748091603053435;-11.709923664122137;0.005126953125;0.063232421875;0.692626953125

2.267175572519084;-0.0916030534351145;-12.122137404580153;-0.11474609375;-0.102783203125;1.3173828125

1.7251908396946565;0.17557251908396945;-12.664122137404581;-0.138427734375;0.0;1.02392578125

1.1755725190839694;-2.1603053435114505;-13.076335877862595;-0.157958984375;0.174560546875;0.778076171875

0.7404580152671756;0.9694656488549618;-12.030534351145038;0.3818359375;0.018798828125;1.4482421875

1.3740458015267176;0.13740458015267176;-12.358778625954198;-0.014404296875;0.119140625;0.720458984375

1.6488549618320612;-0.7862595419847328;-12.893129770992367;-0.1171875;0.002685546875;1.1796875

2.099236641221374;0.48091603053435117;-13.19083969465649;-0.12548828125;0.001708984375;1.098876953125

0.45038167938931295;-1.381679389312977;-13.0;0.045166015625;0.151123046875;0.897216796875

1.5801526717557253;0.3435114503816794;-12.312977099236642;0.051025390625;0.015380859375;1.1572265625

1.3587786259541985;0.4198473282442748;-12.419847328244275;0.164794921875;0.05615234375;0.94775390625

1.6870229007633588;-0.9770992366412213;-13.213740458015268;-0.286865234375;-0.020751953125;1.07080078125

1.3206106870229009;-0.26717557251908397;-13.0;0.01416015625;0.016357421875;1.199462890625

0.7404580152671756;-1.534351145038168;-12.122137404580153;-0.038330078125;0.10693359375;0.6748046875

0.9847328244274809;0.4122137404580153;-11.931297709923664;0.270751953125;-0.013671875;1.46044921875

3.83206106870229;0.24427480916030533;-12.465648854961833;-0.052734375;-0.074951171875;0.841552734375

1.6412213740458015;-1.4961832061068703;-13.068702290076336;-0.357421875;0.055908203125;1.0205078125

1.0763358778625953;-0.2748091603053435;-12.526717557251908;-0.0419921875;0.0849609375;1.15283203125

0.9770992366412213;-0.17557251908396945;-11.641221374045802;0.097412109375;0.01708984375;0.9404296875

1.4351145038167938;0.007633587786259542;-11.725190839694656;0.104248046875;-0.047607421875;1.17919921875

1.5419847328244274;-0.366412213740458;-12.725190839694656;-0.2578125;-0.0185546875;1.0126953125

1.6717557251908397;-0.7022900763358778;-12.709923664122137;-0.134033203125;0.033935546875;0.94921875

0.4961832061068702;-1.0076335877862594;-12.0;0.077392578125;0.16162109375;1.078857421875

0.9007633587786259;0.1450381679389313;-11.603053435114504;0.234130859375;0.078125;1.2099609375

1.8473282442748091;-0.29770992366412213;-12.076335877862595;-0.073486328125;-0.069580078125;0.8515625

1.6488549618320612;-0.5877862595419847;-12.80916030534351;-0.251953125;-0.077880859375;1.30517578125

1.2213740458015268;-0.5801526717557252;-12.625954198473282;-0.173828125;0.0966796875;0.9013671875

0.8473282442748091;-0.9236641221374046;-12.076335877862595;0.155029296875;0.031982421875;0.999755859375

1.297709923664122;0.0916030534351145;-12.236641221374045;0.092529296875;0.064208984375;1.0654296875

1.618320610687023;-0.6946564885496184;-12.80916030534351;-0.202880859375;-0.03466796875;1.0146484375

1.5954198473282444;-0.4961832061068702;-13.053435114503817;-0.130126953125;0.01416015625;1.071533203125

0.916030534351145;-0.09923664122137404;-11.900763358778626;0.14990234375;0.040283203125;1.15380859375

1.5038167938931297;-0.061068702290076333;-12.122137404580153;0.0390625;-0.00390625;0.877685546875

1.3282442748091603;-0.45038167938931295;-12.923664122137405;-0.2109375;0.07275390625;1.062744140625

1.7557251908396947;-0.6641221374045801;-12.633587786259541;-0.240966796875;0.0087890625;1.142822265625

0.44274809160305345;-0.45038167938931295;-12.206106870229007;0.1337890625;0.076171875;0.977783203125

1.251908396946565;0.44274809160305345;-12.17557251908397;0.164306640625;0.06396484375;1.062744140625

1.5877862595419847;-0.10687022900763359;-12.786259541984732;-0.1083984375;0.05419921875;0.9013671875

0.05343511450381679;-0.37404580152671757;-13.038167938931299;-0.28564453125;-0.038818359375;1.22265625

0.9847328244274809;-0.45038167938931295;-12.106870229007633;0.082275390625;0.044189453125;1.1123046875

1.5267175572519085;0.732824427480916;-12.389312977099237;0.252197265625;0.006591796875;1.09326171875

1.0458015267175573;-0.7938931297709924;-13.198473282442748;-0.248046875;0.1455078125;0.76611328125

3.8702290076335877;-0.5038167938931297;-13.061068702290076;-0.254150390625;-0.0166015625;1.32763671875

0.8320610687022901;-0.2900763358778626;-12.206106870229007;0.1015625;0.033447265625;0.943359375

3.900763358778626;0.1984732824427481;-12.694656488549619;0.06201171875;-0.00244140625;1.157470703125

1.450381679389313;-0.48854961832061067;-13.083969465648854;-0.30712890625;0.0947265625;0.906982421875

1.1221374045801527;-0.37404580152671757;-12.755725190839694;-0.057861328125;0.056884765625;1.09228515625

0.9236641221374046;-1.9541984732824427;-12.290076335877863;0.1689453125;0.06787109375;1.08349609375

1.9389312977099236;1.9312977099236641;-12.511450381679388;-0.03955078125;-0.09130859375;0.934814453125

1.7099236641221374;-0.6030534351145038;-12.709923664122137;-0.253662109375;-0.0087890625;1.218017578125

0.7862595419847328;-0.6335877862595419;-12.435114503816793;0.02099609375;0.155517578125;0.861083984375

0.9770992366412213;-0.48854961832061067;-11.49618320610687;0.123046875;0.039794921875;1.0966796875

1.5419847328244274;-1.2748091603053435;-12.511450381679388;0.07666015625;-0.010498046875;0.951171875

1.8549618320610688;-0.022900763358778626;-13.045801526717558;-0.200927734375;-0.00927734375;1.068359375

0.8702290076335878;-0.6030534351145038;-12.114503816793894;0.008544921875;0.18017578125;0.90185546875

1.0381679389312977;-0.8549618320610687;-11.732824427480915;0.01904296875;0.12109375;1.147216796875

1.9465648854961832;0.7175572519083969;-12.366412213740459;0.099853515625;-0.04052734375;0.98095703125

1.3587786259541985;-0.9007633587786259;-13.15267175572519;-0.234619140625;-0.013916015625;1.128662109375

1.015267175572519;-0.7099236641221374;-12.977099236641221;-0.085693359375;0.14697265625;0.858154296875

1.381679389312977;-0.6564885496183206;-12.022900763358779;-0.00146484375;0.056396484375;1.098388671875

1.4427480916030535;1.0458015267175573;-12.13740458015267;0.214599609375;-0.041259765625;1.111083984375

1.8778625954198473;-1.5038167938931297;-13.206106870229007;-0.354248046875;0.096435546875;0.856689453125

1.1526717557251909;0.3816793893129771;-12.595419847328245;0.052001953125;0.002197265625;1.39501953125

0.5267175572519084;-1.4274809160305344;-11.84732824427481;-0.01220703125;0.163818359375;0.623291015625

1.7633587786259541;0.732824427480916;-12.091603053435115;-0.03515625;0.035400390625;1.2197265625

1.213740458015267;-1.8854961832061068;-12.702290076335878;0.014404296875;0.03515625;0.90869140625

2.0381679389312977;-1.7938931297709924;-13.267175572519085;-0.302734375;0.098876953125;0.7958984375

0.40458015267175573;0.6259541984732825;-12.274809160305344;0.349853515625;0.008056640625;1.435546875

1.0458015267175573;-0.2824427480916031;-12.198473282442748;0.078125;0.13818359375;0.69482421875

1.465648854961832;-0.2748091603053435;-13.206106870229007;-0.2412109375;0.001708984375;1.235595703125

1.7557251908396947;-1.0763358778625953;-13.030534351145038;-0.184814453125;0.062255859375;0.741943359375

1.0381679389312977;0.5572519083969466;-11.83206106870229;0.237060546875;-0.001708984375;1.3828125

1.465648854961832;-0.7557251908396947;-12.320610687022901;0.03662109375;0.05224609375;0.87353515625

1.8091603053435115;-0.0916030534351145;-13.091603053435115;-0.17919921875;-0.03369140625;1.155029296875

0.8396946564885496;-0.7099236641221374;-12.16793893129771;-0.075927734375;0.13525390625;0.9580078125

0.8854961832061069;0.9541984732824428;-11.305343511450381;0.204833984375;0.03662109375;1.1591796875

2.0839694656488548;-1.7099236641221374;-12.198473282442748;-0.170166015625;0.025634765625;0.702392578125

2.2748091603053435;0.8549618320610687;-12.595419847328245;-0.060302734375;-0.08203125;1.536865234375

0.31297709923664124;-0.8244274809160306;-12.465648854961833;0.1376953125;0.10888671875;0.877685546875

1.3969465648854962;0.5572519083969466;-12.183206106870228;0.17431640625;0.045166015625;1.205078125

1.3053435114503817;-0.6717557251908397;-12.992366412213741;-0.105712890625;0.07177734375;0.855224609375

2.16793893129771;-0.2366412213740458;-13.229007633587786;-0.215087890625;-0.049560546875;1.002685546875

1.3129770992366412;-0.5877862595419847;-12.801526717557252;0.1201171875;0.015625;1.15966796875

1.2290076335877862;-0.17557251908396945;-12.435114503816793;0.097412109375;0.1474609375;0.962646484375

1.4809160305343512;-0.7099236641221374;-12.931297709923664;-0.171142578125;0.073486328125;0.86328125

2.3740458015267176;-0.9541984732824428;-13.15267175572519;-0.306640625;-0.037109375;1.120361328125

0.5114503816793893;0.3435114503816794;-12.48091603053435;0.2734375;0.0966796875;1.21630859375

1.5648854961832062;-1.0229007633587786;-12.816793893129772;-0.061279296875;0.103271484375;0.614013671875

1.618320610687023;0.5419847328244275;-13.129770992366412;-0.177978515625;-0.04736328125;1.510009765625

1.465648854961832;-1.5267175572519085;-13.053435114503817;-0.27880859375;0.0673828125;0.68505859375

0.9923664122137404;-0.6717557251908397;-12.404580152671755;0.139892578125;0.08203125;1.32373046875

1.4427480916030535;0.022900763358778626;-12.564885496183207;0.158447265625;-0.013671875;0.827392578125

1.450381679389313;-0.6870229007633588;-13.068702290076336;-0.245849609375;0.0;1.255615234375

1.618320610687023;-1.1221374045801527;-12.610687022900763;-0.114013671875;0.114501953125;0.79150390625

1.3740458015267176;0.7633587786259542;-11.763358778625955;0.2001953125;0.014892578125;1.5849609375

1.1297709923664123;-1.2213740458015268;-12.450381679389313;0.057861328125;0.037353515625;0.68896484375

1.5877862595419847;-1.8625954198473282;-12.961832061068701;-0.127685546875;-0.07568359375;1.378662109375

1.1145038167938932;-1.1603053435114503;-12.595419847328245;-0.132080078125;0.12646484375;0.692626953125

1.4809160305343512;0.015267175572519083;-11.908396946564885;-0.023193359375;0.123779296875;1.267578125

0.8396946564885496;1.1984732824427482;-12.297709923664122;0.298583984375;0.12548828125;1.057373046875

1.1908396946564885;-0.9236641221374046;-13.183206106870228;-0.26025390625;-0.022705078125;0.87548828125

1.8854961832061068;-0.05343511450381679;-13.045801526717558;-0.118896484375;-0.067138671875;1.265380859375

1.1450381679389312;1.8854961832061068;-12.488549618320612;0.206787109375;0.0947265625;1.158447265625

0.7938931297709924;2.015267175572519;-13.13740458015267;0.21875;0.175537109375;1.245849609375

1.3587786259541985;-0.24427480916030533;-13.664122137404581;-0.298583984375;0.10205078125;0.684326171875

1.9923664122137406;0.19083969465648856;-13.083969465648854;0.007080078125;-0.0654296875;1.393310546875

0.6641221374045801;-0.6259541984732825;-12.534351145038167;0.14501953125;0.120361328125;0.9130859375

1.4732824427480915;-0.8015267175572519;-13.213740458015268;-0.189453125;0.09521484375;0.671630859375

2.6106870229007635;0.2366412213740458;-13.129770992366412;-0.3056640625;-0.1455078125;1.513427734375

0.48854961832061067;-1.1603053435114503;-12.389312977099237;0.073974609375;0.122314453125;0.8466796875

1.816793893129771;0.15267175572519084;-11.374045801526718;0.05517578125;0.07421875;0.964599609375

0.32061068702290074;1.4580152671755726;-9.374045801526718;0.178466796875;0.0263671875;1.185302734375

0.9618320610687023;-1.5267175572519085;-8.854961832061068;-0.38623046875;0.043701171875;0.775390625

1.0763358778625953;0.48854961832061067;-9.702290076335878;0.053955078125;-0.272705078125;1.431640625

0.3816793893129771;-0.16793893129770993;-6.480916030534351;0.076171875;0.026611328125;0.689208984375

0.7480916030534351;0.0916030534351145;-4.2748091603053435;-0.0771484375;-0.009033203125;1.3330078125

-0.13740458015267176;0.022900763358778626;-2.213740458015267;-0.128662109375;0.138671875;0.832763671875

-0.33587786259541985;0.26717557251908397;-0.4580152671755725;-0.153076171875;-0.019775390625;1.1708984375

-0.15267175572519084;0.3282442748091603;0.0916030534351145;-0.102783203125;-0.110107421875;1.034912109375

-0.1297709923664122;0.4351145038167939;0.05343511450381679;-0.008056640625;0.012451171875;1.00244140625

-0.12213740458015267;0.29770992366412213;-0.3053435114503817;-0.05615234375;0.114013671875;1.05517578125

-0.3511450381679389;0.26717557251908397;0.03816793893129771;-0.0732421875;0.075927734375;0.995849609375

-0.3053435114503817;0.31297709923664124;0.08396946564885496;-0.0751953125;0.028564453125;1.072998046875

-0.1984732824427481;0.2900763358778626;-0.183206106870229;-0.049072265625;0.04052734375;1.0107421875

-0.15267175572519084;0.3282442748091603;-0.06870229007633588;-0.05126953125;0.03271484375;1.0458984375

-0.2595419847328244;0.3053435114503817;-0.030534351145038167;-0.074462890625;0.08740234375;1.022705078125

-0.2748091603053435;0.26717557251908397;0.0;-0.06787109375;0.04931640625;1.022705078125

-0.22900763358778625;0.3282442748091603;-0.03816793893129771;-0.041259765625;0.02197265625;1.049072265625

-0.183206106870229;0.29770992366412213;-0.10687022900763359;-0.072509765625;0.041259765625;1.0263671875

-0.17557251908396945;0.2824427480916031;-0.04580152671755725;-0.064453125;0.056396484375;1.033203125

-0.26717557251908397;0.2900763358778626;-0.05343511450381679;-0.058349609375;0.0546875;1.0439453125

-0.2595419847328244;0.32061068702290074;-0.030534351145038167;-0.0615234375;0.038330078125;1.036865234375

-0.21374045801526717;0.3053435114503817;-0.0916030534351145;-0.05517578125;0.042724609375;1.03076171875

-0.25190839694656486;0.31297709923664124;-0.022900763358778626;-0.06201171875;0.0478515625;1.0224609375

-0.2748091603053435;0.3282442748091603;-0.022900763358778626;-0.060302734375;0.04833984375;1.036865234375

-0.22137404580152673;0.2824427480916031;-0.04580152671755725;-0.058837890625;0.03369140625;1.02587890625

-0.20610687022900764;0.32061068702290074;-0.0916030534351145;-0.056396484375;0.05126953125;1.03125

-0.24427480916030533;0.2824427480916031;-0.05343511450381679;-0.066650390625;0.052490234375;1.0244140625

-0.25190839694656486;0.2900763358778626;-0.04580152671755725;-0.062255859375;0.04345703125;1.031005859375

-0.22137404580152673;0.31297709923664124;-0.03816793893129771;-0.056640625;0.038330078125;1.02880859375

-0.20610687022900764;0.32061068702290074;-0.03816793893129771;-0.076904296875;0.0517578125;1.041259765625

-0.22900763358778625;0.29770992366412213;-0.03816793893129771;-0.0751953125;0.05078125;1.03076171875

-0.24427480916030533;0.31297709923664124;-0.06870229007633588;-0.051513671875;0.036865234375;1.04638671875

-0.22900763358778625;0.29770992366412213;-0.07633587786259542;-0.0625;0.057373046875;1.031982421875

-0.21374045801526717;0.32061068702290074;-0.061068702290076333;-0.07568359375;0.060302734375;1.020751953125

